Filename,Exam,University,Year,Subject,Paper Code,Exam Date,Shift,Num Questions,Total Marks,Duration Mins,Group,Source Type
CUET_PG_2026_English_LAQP01_12-Mar-Shift3.pdf,CUET-PG,Central Universities (NTA),2026,English,LAQP01,12-Mar-2026,Shift 3,75,300,90,GROUP A: CUET-PG LAQP01,Official NTA Master Paper + Answer Key
CUET_PG_2025_English_LAQP01_26-Mar-Shift3.pdf,CUET-PG,Central Universities (NTA),2025,English,LAQP01,26-Mar-2025,Shift 3,75,300,90,GROUP A: CUET-PG LAQP01,Official NTA Question Paper (nta.ac.in)
CUET_PG_2024_English_LAQP01_13-Mar-Shift1.pdf,CUET-PG,Central Universities (NTA),2024,English,LAQP01,13-Mar-2024,Shift 1,75,300,105,GROUP A: CUET-PG LAQP01,Official NTA Question Paper
CUET_PG_2023_English_LAQP01_30-Jun-Shift2.pdf,CUET-PG,Central Universities (NTA),2023,English,LAQP01,30-Jun-2023,Shift 2,100,400,120,GROUP A: CUET-PG LAQP01,Official NTA Question Paper (25 General + 75 Domain)
CUET_PG_2023_English_LAQP01_24-Jun-Shift3.pdf,CUET-PG,Central Universities (NTA),2023,English,LAQP01,24-Jun-2023,Shift 3,100,400,120,GROUP A: CUET-PG LAQP01,Official NTA Candidate Sheet / Reconstructed
CUET_PG_2023_English_LAQP01_07-Jun-Shift3.pdf,CUET-PG,Central Universities (NTA),2023,English,LAQP01,07-Jun-2023,Shift 3,100,400,120,GROUP A: CUET-PG LAQP01,Official NTA Candidate Sheet / Reconstructed
CUET_PG_2022_English_PGQP05_01-Sep-Slot1.pdf,CUET-PG,Central Universities (NTA),2022,English,PGQP05,01-Sep-2022,Slot 1,100,400,120,GROUP A: CUET-PG LAQP01,Official NTA Question Paper (25 General + 75 Domain)
CUCET_2021_MA_English_PGQP05.pdf,CUCET,Central Universities (CURAJ/NTA),2021,English Language & Literature,PGQP05,15-Sep-2021,Shift 1,100,100,120,GROUP B: Older CUCET,Official CUCET Question Paper
CUCET_2019_MA_English_PGQP05.pdf,CUCET,Central Universities (CURAJ),2019,English,PGQP05,25-May-2019,Shift 1,100,100,120,GROUP B: Older CUCET,Official CUCET Question Paper
CUCET_2018_MA_English_PGQP05.pdf,CUCET,Central Universities (CURAJ),2018,English,PGQP05,28-Apr-2018,Shift 1,100,100,120,GROUP B: Older CUCET,Official CUCET Question Paper
CUCET_2017_MA_English_PGQP05.pdf,CUCET,Central Universities (CURAJ),2017,English,PGQP05,17-May-2017,Shift 1,70,70,120,GROUP B: Older CUCET,"Authentic CUCET Paper (70 Qs: Part-A 10 Qs, Part-B 60 Qs)"
DUET_NTA_2021_MA_English.pdf,DUET,Delhi University (NTA),2021,MA English,DUET-ENG,29-Sep-2021,Shift 2,100,400,120,GROUP C: Other Entrance Exams,Official NTA DUET Paper
DUET_NTA_2020_MA_English.pdf,DUET,Delhi University (NTA),2020,MA English,DUET-ENG,07-Sep-2020,Shift 1,100,400,120,GROUP C: Other Entrance Exams,Official NTA DUET Paper
DUET_NTA_2019_MA_English.pdf,DUET,Delhi University (NTA),2019,MA English,DUET-ENG,03-Jul-2019,Shift 3,100,400,120,GROUP C: Other Entrance Exams,Official NTA DUET Paper
DUET_2018_MA_English.pdf,DUET,Delhi University,2018,MA English,DUET-ENG,18-Jun-2018,Shift 1,100,400,120,GROUP C: Other Entrance Exams,Official DU Entrance Paper
DUET_2017_MA_English.pdf,DUET,Delhi University,2017,MA English,DUET-ENG,Jul-2017,Shift 1,100,400,120,GROUP C: Other Entrance Exams,Official DU Entrance Paper
BHU_PET_2016_MA_English.pdf,BHU PET,Banaras Hindu University,2016,MA English,PET-361,May-2016,Shift 1,150,450,150,GROUP C: Other Entrance Exams,Official BHU Question Paper
BHU_PET_2015_MA_English.pdf,BHU PET,Banaras Hindu University,2015,MA English,PET-361,May-2015,Shift 1,150,450,150,GROUP C: Other Entrance Exams,Official BHU Question Paper
BHU_PET_2014_MA_English.pdf,BHU PET,Banaras Hindu University,2014,MA English,PET-361,May-2014,Shift 1,150,450,150,GROUP C: Other Entrance Exams,Official BHU Question Paper
JNUEE_2016_MA_English.pdf,JNUEE,Jawaharlal Nehru University,2016,MA English,ENGM,May-2016,Shift 1,50,100,180,GROUP C: Other Entrance Exams,Official JNU Question Paper
JNUEE_2015_MA_English.pdf,JNUEE,Jawaharlal Nehru University,2015,MA English,ENGM,May-2015,Shift 1,50,100,180,GROUP C: Other Entrance Exams,Official JNU Question Paper
JNUEE_2014_MA_English.pdf,JNUEE,Jawaharlal Nehru University,2014,MA English,ENGM,May-2014,Shift 1,50,100,180,GROUP C: Other Entrance Exams,Official JNU Question Paper
