Concept / Knowledge Item,First Seen Year,Reappeared Years,All Years Appeared,Min Interval Gap (Years),Max Interval Gap (Years),Total Frequency,Repetition Pattern Type
T.S. Eliot: Dissociation of Sensibility,2017,"2019, 2021, 2023, 2026","2017, 2019, 2021, 2023, 2026",2,3,5,Concept / Near Repeat
John Keats: Negative Capability definition & origin,2018,"2020, 2022, 2024, 2026","2018, 2020, 2022, 2024, 2026",2,2,5,Exact / Near Repeat
"Aristotle: Four Core Poetics Terms (Hamartia, Catharsis, Anagnorisis, Peripeteia)",2017,"2018, 2021, 2023, 2025, 2026","2017, 2018, 2021, 2023, 2025, 2026",1,3,6,Near / Matching Repeat
Chronological order of English Literary Periods (Middle English -> Renaissance -> Neoclassical -> Romantic -> Victorian),2019,"2022, 2024, 2025, 2026","2019, 2022, 2024, 2025, 2026",1,3,5,Exact Chronology Repeat
"Mulk Raj Anand: Untouchable (Bakha, 1935, single day, E.M. Forster preface)",2018,"2021, 2023, 2024, 2026","2018, 2021, 2023, 2024, 2026",1,3,5,Same Knowledge Repeat
"Raja Rao: Kanthapura (Narrator Achakka, Harikatha style, Gandhian struggle)",2017,"2019, 2022, 2025, 2026","2017, 2019, 2022, 2025, 2026",1,3,5,Same Knowledge Repeat
Shakespeare: Chronology of Great Tragedies (Hamlet -> Othello -> King Lear -> Macbeth),2018,"2020, 2023, 2026","2018, 2020, 2023, 2026",2,3,4,Concept / Chronology
W.K. Wimsatt & Monroe Beardsley: Intentional & Affective Fallacy,2019,"2021, 2023, 2025","2019, 2021, 2023, 2025",2,2,4,Near Repeat
S.T. Coleridge: Biographia Literaria (Primary vs Secondary Imagination),2018,"2021, 2022, 2024, 2026","2018, 2021, 2022, 2024, 2026",1,3,5,Concept Repeat
"Nissim Ezekiel: Night of the Scorpion (Mother, Scorpion bite, peasant beliefs)",2017,"2020, 2023, 2025","2017, 2020, 2023, 2025",2,3,4,Same Knowledge Repeat
"Edward Said: Orientalism (1978, Foucault discourse influence, East representation)",2018,"2021, 2023, 2024, 2026","2018, 2021, 2023, 2024, 2026",1,3,5,Same Knowledge Repeat
Homi Bhabha: Mimicry & Hybridity (The Location of Culture),2019,"2022, 2024, 2026","2019, 2022, 2024, 2026",2,3,4,Concept Repeat
Virginia Woolf: A Room of One's Own (Judith Shakespeare fictional sister),2019,"2021, 2024, 2026","2019, 2021, 2024, 2026",2,3,4,Same Knowledge Repeat
"Girish Karnad: Tughlaq (1964, Muhammad bin Tughlaq, capital shift Daulatabad)",2018,"2020, 2023, 2026","2018, 2020, 2023, 2026",2,3,4,Same Knowledge Repeat
"Ferdinand de Saussure: Langue vs Parole, Signifier and Signified",2017,"2019, 2022, 2025","2017, 2019, 2022, 2025",2,3,4,Near Repeat
