Question_ID,Exam,Year,Shift,Paper_Code,Question_Number,Original_Question_Text,Normalized_Concept,Correct_Answer,Syllabus_Area,Author,Work,Literary_Period,Recurrence_Interval_Years,Priority
Q-2026-01,CUET-PG,2026,Shift 3,LAQP01,1,"In Lamb and Wordsworth, we have two widely different views of romantic movement. Wordsworth shows influence of nature, Lamb that of society.",Romantic Views: Wordsworth (Nature) vs Lamb (Society),Both statements are correct,History of English Literature,William Wordsworth / Charles Lamb,Essays of Elia / Lyrical Ballads,Romantic Period,"2-Year Recurrence (2024, 2026)",🔥 VERY HIGH
Q-2026-02,CUET-PG,2026,Shift 3,LAQP01,2,Arrange the following ages in chronological order: A. Romantic Period B. Jacobean Age C. Age of Chaucer D. Victorian Age,Chronology: English Literary Periods,C -> B -> A -> D,History of English Literature,Multiple,Historical Chronology,All Periods,"1-Year Recurrence (2025, 2026)",🔥 VERY HIGH
Q-2026-03,CUET-PG,2026,Shift 3,LAQP01,3,"Match Author with Work: Mary Wollstonecraft -> A Vindication of the Rights of Woman, J.S. Mill -> The Subjection of Women",Feminist Foundations: Wollstonecraft & J.S. Mill,Wollstonecraft - Rights of Woman; Mill - Subjection of Women,Literary Criticism and Theory,Mary Wollstonecraft / J.S. Mill,A Vindication of the Rights of Woman,Romantic / Victorian,"2-Year Recurrence (2024, 2026)",🔥 VERY HIGH
Q-2026-04,CUET-PG,2026,Shift 3,LAQP01,4,Who amongst the following is not a Romantic poet? (1) P.B. Shelley (2) John Keats (3) Lord Byron (4) Alfred Tennyson,Romantic Poets Classification,Alfred Tennyson (Victorian Poet),History of English Literature,Alfred Tennyson,In Memoriam,Victorian Period,"3-Year Recurrence (2023, 2026)",🔥 VERY HIGH
Q-2026-05,CUET-PG,2026,Shift 3,LAQP01,5,The rhyme scheme of Shakespearean sonnet is:,Shakespearean Sonnet Form,ABAB CDCD EFEF GG,Literary Terms,William Shakespeare,Sonnets,Elizabethan,"1-Year Recurrence (2025, 2026)",🔥 VERY HIGH
Q-2026-06,CUET-PG,2026,Shift 3,LAQP01,6,"Match Work with Author: Arms and the Man -> Shaw, To the Lighthouse -> Woolf, The Waste Land -> Eliot, A Passage to India -> Forster",Modernist Masterpieces Matching,"Shaw, Woolf, Eliot, Forster",Literary Genres & Fiction,T.S. Eliot / Virginia Woolf,The Waste Land / To the Lighthouse,Modernism,"1-Year Recurrence (2025, 2026)",🔥 VERY HIGH
Q-2026-07,CUET-PG,2026,Shift 3,LAQP01,7,"Arrange plays chronologically: Waiting for Godot, The Birthday Party, Cloud Nine",Modern & Postmodern Drama Chronology,Waiting for Godot (1953) -> Birthday Party (1957) -> Cloud Nine (1979),Literary Genres,Samuel Beckett / Harold Pinter,Waiting for Godot,Postmodern / Absurd,"2-Year Recurrence (2024, 2026)",🔥 VERY HIGH
Q-2025-01,CUET-PG,2025,Shift 3,LAQP01,1,"The phrase ""Dissociation of Sensibility"" was coined by T.S. Eliot in which essay?",T.S. Eliot Critical Terms,The Metaphysical Poets (1921),Literary Criticism and Theory,T.S. Eliot,The Metaphysical Poets,Modernism,"2-Year Recurrence (2023, 2025)",🔥 VERY HIGH
Q-2025-02,CUET-PG,2025,Shift 3,LAQP01,2,Which novel portrays the character Bakha during a single day in Bulashah?,Mulk Raj Anand Protagonist Bakha,Untouchable (1935),Indian Writing in English,Mulk Raj Anand,Untouchable,Indian English Novel,"1-Year Recurrence (2024, 2025)",🔥 VERY HIGH
Q-2025-03,CUET-PG,2025,Shift 3,LAQP01,3,"In Aristotle's Poetics, ""Hamartia"" denotes:",Aristotelian Tragic Terminology,Tragic flaw or error of judgment,Literary Criticism and Theory,Aristotle,Poetics,Classical Criticism,"1-Year Recurrence (2024, 2025)",🔥 VERY HIGH
Q-2025-04,CUET-PG,2025,Shift 3,LAQP01,4,"Who coined the term ""Negative Capability""?",Keatsian Aesthetics,John Keats (1817),Literary Criticism and Theory,John Keats,Letters,Romantic Period,"1-Year Recurrence (2024, 2025)",🔥 VERY HIGH
Q-2025-05,CUET-PG,2025,Shift 3,LAQP01,5,Raja Rao's Kanthapura is narrated by:,Kanthapura Narrator & Technique,Achakka (an elderly village woman),Indian Writing in English,Raja Rao,Kanthapura,Indian English Novel,"3-Year Recurrence (2022, 2025)",🔥 VERY HIGH
Q-2024-01,CUET-PG,2024,Shift 1,LAQP01,1,"""Objective Correlative"" is a term formulated by T.S. Eliot in his essay on which play?",T.S. Eliot Critical Formulations,Hamlet and His Problems (1919),Literary Criticism and Theory,T.S. Eliot,Hamlet and His Problems,Modernism,"2-Year Recurrence (2022, 2024)",🔥 VERY HIGH
Q-2024-02,CUET-PG,2024,Shift 1,LAQP01,2,"Identify the poem: ""I am Indian, very brown, born in Malabar, I speak three languages, write in Two, dream in one.""",Kamala Das Confessional Identity,An Introduction,Indian Writing in English,Kamala Das,An Introduction,Indian English Poetry,"2-Year Recurrence (2022, 2024)",🔥 VERY HIGH
Q-2024-03,CUET-PG,2024,Shift 1,LAQP01,3,"Who defined poetry as ""the spontaneous overflow of powerful feelings recollected in tranquility""?",Wordsworth Poetic Theory,"William Wordsworth (Preface to Lyrical Ballads, 1800)",Literary Criticism and Theory,William Wordsworth,Preface to Lyrical Ballads,Romantic Period,"3-Year Recurrence (2021, 2024)",🔥 VERY HIGH
Q-2024-04,CUET-PG,2024,Shift 1,LAQP01,4,Which book by Edward Said is considered the foundation of Postcolonial studies?,Postcolonial Foundational Text,Orientalism (1978),Literary Criticism and Theory,Edward Said,Orientalism,Postcolonial Theory,"1-Year Recurrence (2023, 2024)",🔥 VERY HIGH
Q-2024-05,CUET-PG,2024,Shift 1,LAQP01,5,Arrange Shakespeare's Four Great Tragedies in order of composition:,Shakespearean Tragedy Chronology,Hamlet (1601) -> Othello (1603) -> King Lear (1605) -> Macbeth (1606),History of English Literature,William Shakespeare,Great Tragedies,Elizabethan / Jacobean,"1-Year Recurrence (2023, 2024)",🔥 VERY HIGH
Q-2023-01,CUET-PG,2023,Shift 2,LAQP01,26,"In Biographia Literaria, Coleridge distinguishes between:",Coleridgean Faculty Distinction,Fancy and Imagination (Primary & Secondary),Literary Criticism and Theory,S.T. Coleridge,Biographia Literaria,Romantic Period,"1-Year Recurrence (2022, 2023)",🔥 VERY HIGH
Q-2023-02,CUET-PG,2023,Shift 2,LAQP01,27,"The concept of ""The Intentional Fallacy"" was formulated by:",New Criticism Concept Formulation,W.K. Wimsatt and Monroe Beardsley,Literary Criticism and Theory,W.K. Wimsatt & M. Beardsley,The Verbal Icon,New Criticism,"2-Year Recurrence (2021, 2023)",🔥 VERY HIGH
Q-2023-03,CUET-PG,2023,Shift 2,LAQP01,28,"Nissim Ezekiel's poem ""Night of the Scorpion"" describes:",Ezekiel Folk & Maternal Themes,A mother stung by a scorpion and superstitious villagers,Indian Writing in English,Nissim Ezekiel,Night of the Scorpion,Indian English Poetry,"3-Year Recurrence (2020, 2023)",🔥 VERY HIGH
Q-2023-04,CUET-PG,2023,Shift 2,LAQP01,29,"The essay ""The Death of the Author"" (1967) was written by:",Post-structuralist Author Theory,Roland Barthes,Literary Criticism and Theory,Roland Barthes,The Death of the Author,Post-structuralism,"2-Year Recurrence (2021, 2023)",🔥 VERY HIGH
Q-2023-05,CUET-PG,2023,Shift 2,LAQP01,30,"In Girish Karnad's play Tughlaq, the protagonist shifts his capital from Delhi to:",Karnad Historical Allegory,Daulatabad,Indian Writing in English,Girish Karnad,Tughlaq,Indian English Drama,"3-Year Recurrence (2020, 2023)",🔥 VERY HIGH
Q-2022-01,CUET-PG,2022,Slot 1,PGQP05,26,The opening line of Lyrical Ballads (1798) is from which poem?,Lyrical Ballads Structure,The Rime of the Ancient Mariner (Coleridge),History of English Literature,S.T. Coleridge / Wordsworth,Lyrical Ballads,Romantic Period,"1-Year Recurrence (2021, 2022)",🔥 VERY HIGH
Q-2022-02,CUET-PG,2022,Slot 1,PGQP05,27,"The concept of ""Gynocriticism"" was coined by:",Feminist Critical Coinage,Elaine Showalter,Literary Criticism and Theory,Elaine Showalter,A Literature of Their Own,Feminist Criticism,"1-Year Recurrence (2021, 2022)",🔥 VERY HIGH
Q-2022-03,CUET-PG,2022,Slot 1,PGQP05,28,R.K. Narayan won the Sahitya Akademi Award for which novel in 1960?,Narayan Award Winning Work,The Guide,Indian Writing in English,R.K. Narayan,The Guide,Indian English Novel,"3-Year Recurrence (2019, 2022)",🔥 VERY HIGH
Q-2022-04,CUET-PG,2022,Slot 1,PGQP05,29,"""My Last Duchess"" by Robert Browning is a classic example of:",Victorian Poetic Genre,Dramatic Monologue,Literary Terms,Robert Browning,My Last Duchess,Victorian Period,"2-Year Recurrence (2020, 2022)",🔥 VERY HIGH
Q-2022-05,CUET-PG,2022,Slot 1,PGQP05,30,"Which theorist formulated the concepts of ""Mimicry"" and ""Hybridity""?",Postcolonial Colonial Ambivalence,Homi K. Bhabha,Literary Criticism and Theory,Homi Bhabha,The Location of Culture,Postcolonial Theory,"3-Year Recurrence (2019, 2022)",🔥 VERY HIGH
